{
    "games": {
        "COUNTER_STRIKE": { 
            "yaw": 0.022
        },
        "VALORANT": { 
            "yaw": 0.07
        },
        "OVERWATCH_2": { 
            "yaw": 0.0066
        },
        "CALL_OF_DUTY": { 
            "yaw": 0.0066
        },
        "APEX_LEGENDS": { 
            "yaw": 0.022
        },
        "FORTNITE": { 
            "yaw": 0.06
        },
        "PUBG": { 
            "yaw": 0.0006
        },
        "RAINBOW_SIX_SIEGE": { 
            "yaw": 0.005729577951308232087679815481411
        },
        "DESTINY_2": { 
            "yaw": 0.0066
        },
        "BATTALION_1944": { 
            "yaw": 0.0175
        },
        "INSURGENCY": { 
            "yaw": 0.14
        },
        "DIABOLICAL": { 
            "yaw": 0.0166666666666666666666666666666
        }
    }
}